City_ID,City,Country,Max Temp,Current Description,Lat,Lng,Hotel Name
1,Hilo,US,73.62,overcast clouds,19.7297,-155.09,Hilo Hawaiian Hotel
2,Torbay,CA,68.88,few clouds,47.6666,-52.7314,Gallows Cove
3,Avarua,CK,73.45,scattered clouds,-21.2078,-159.775,Paradise Inn
5,Puerto Ayora,EC,76.96,broken clouds,-0.7393,-90.3518,Finch Bay Galapagos Hotel
7,Yenagoa,NG,73.72,overcast clouds,4.9247,6.2642,Aridolf Resort Wellness and Spa
8,Rikitea,PF,72.36,scattered clouds,-23.1203,-134.9692,People ThankYou
9,Ponta Do Sol,PT,76.71,scattered clouds,32.6667,-17.1,Hotel do Campo
15,Umm Lajj,SA,83.46,clear sky,25.0213,37.2685,Moon light Furnished Units
17,Albany,US,73.24,overcast clouds,42.6001,-73.9662,
18,Souillac,MU,73.78,scattered clouds,-20.5167,57.5167,Shanti Maurice Resort & Spa
19,Bethel,US,70.03,overcast clouds,41.3712,-73.414,Courtyard by Marriott Danbury
21,Kawalu,ID,72.9,overcast clouds,-7.3817,108.2082,West Jontor
22,Hobyo,SO,79.11,overcast clouds,5.3505,48.5268,Iftin hotel hobyo
24,Yabassi,CM,75.25,moderate rain,4.457,9.9682,MOTEL FOMI
28,Dingle,PH,78.28,scattered clouds,10.9995,122.6711,SEGAYA PROPERTY
31,Viradouro,BR,86.88,clear sky,-20.8731,-48.2969,Motel Diamond
34,Butaritari,KI,82.09,light rain,3.0707,172.7902,Isles Sunset Lodge
37,Igbaras,PH,78.42,broken clouds,10.7157,122.2657,Mickey's Place
38,Saint-Philippe,RE,69.39,scattered clouds,-21.3585,55.7679,"Chambres d'hôte ""La Trinité"""
39,Tanhacu,BR,82.6,clear sky,-14.0214,-41.2481,Balneário Jurema
42,Lata,PT,74.07,overcast clouds,40.1629,-8.3327,Casa Maquia
43,Charters Towers,AU,60.8,clear sky,-20.1,146.2667,Cattleman's Rest Motor Inn
44,Nguruka,TZ,73.98,few clouds,-5.1092,31.0419,RUSULI LODGE
45,Saint-Pierre,RE,72.91,clear sky,-21.3393,55.4781,Alize Plage
46,Cidreira,BR,67.64,scattered clouds,-30.1811,-50.2056,Hotel Castelo
47,Katsuura,JP,71.04,overcast clouds,35.1333,140.3,Katsuura Hotel Mikazuki
48,Labuhan,ID,79.41,scattered clouds,-6.8844,112.2051,DoubleFAG
49,Nikolskoye,RU,64.29,broken clouds,59.7035,30.7861,Tourist House - Sablino
50,Itarema,BR,85.3,few clouds,-2.9248,-39.9167,"Sea Lounge! Bar, Club & Restaurant"
51,Izumo,JP,66.15,overcast clouds,35.3667,132.7667,Toyoko-Inn Izumoshi ekimae
52,Junagadh,IN,84.58,overcast clouds,21.5167,70.4667,Click Hotel Junagadh
54,Prado,BR,76.55,broken clouds,-17.3411,-39.2208,INN CORNER RIVER - PRADO - BAHIA - HOUSING AND HOTEL
55,Arraial Do Cabo,BR,75.16,clear sky,-22.9661,-42.0278,Pousada Porto Praia
56,Hasaki,JP,70.2,overcast clouds,35.7333,140.8333,Inubosaki Kanko Hotel
57,Carnarvon,AU,71.55,overcast clouds,-24.8667,113.6333,Hospitality Carnarvon
61,Tiznit,MA,76.15,clear sky,29.5833,-9.5,
63,Cadillac,US,82.08,clear sky,44.2519,-85.4012,"Holiday Inn Express & Suites Cadillac, an IHG Hotel"
64,Kapaa,US,73.38,scattered clouds,22.0752,-159.319,Sheraton Kauai Coconut Beach Resort
66,Vaini,TO,73.56,few clouds,-21.2,-175.2,Keleti Beach Resort
67,Emirdag,TR,62.76,moderate rain,39.0197,31.15,Emirdağ Öğretmenevi
68,Chuy,UY,63.41,overcast clouds,-33.6971,-53.4616,Nuevo Hotel Plaza
71,Cairns,AU,73.35,scattered clouds,-16.9167,145.7667,Mantra Trilogy Cairns
72,Montepuez,MZ,73.38,broken clouds,-13.1256,38.9997,PembaAparthotel
73,Betare Oya,CM,69.15,overcast clouds,5.6,14.0833,Auberge Tembina Betaré Oya
74,Raisen,IN,81.5,overcast clouds,23.3333,77.8,Hotel Amogh
75,Puerto Escondido,MX,82.99,overcast clouds,15.85,-97.0667,Aldea del Bazar Hotel and Spa
76,Castanos,MX,88.34,clear sky,26.7833,-101.4167,Bomberos voluntarios castaños coahuila
80,Shenavan,AM,81.18,broken clouds,40.0549,43.9288,Ծիրանի այգիներ
81,Huarmey,PE,68.11,few clouds,-10.0681,-78.1522,Hotel Miramar
84,Palasa,IN,82.06,overcast clouds,18.7667,84.4167,Balaji tifen & meals veg & non veg hotel
85,Castro,BR,72.07,clear sky,-24.7911,-50.0119,CHACARA BAILLY
91,Valvedditturai,LK,79.29,overcast clouds,9.8167,80.1667,Kanahathy Vadali
92,Ambilobe,MG,72.01,light rain,-13.2,49.05,Hôtel & Restaurant DIANA Ambilobe
93,Vila Franca Do Campo,PT,66.61,few clouds,37.7167,-25.4333,Pestana Bahia Praia
96,Botwood,CA,80.46,clear sky,49.1499,-55.3482,Exploits Inn & Suites
97,Imperia,IT,84.0,few clouds,43.9667,7.7833,La Stregatta
99,Busselton,AU,65.98,scattered clouds,-33.65,115.3333,Observatory Guest House
101,Altay,CN,62.91,overcast clouds,47.8667,88.1167,Jinqiao Hotel
102,Santa Fe,AR,69.01,broken clouds,-31.6333,-60.7,Conquistador Hotel
104,Geraldton,AU,61.21,few clouds,-28.7667,114.6,Broadwater Mariner Resort
105,Tarrafal,CV,84.99,broken clouds,15.2833,-23.7667,Hotel Ixola
106,Sakaiminato,JP,66.18,few clouds,35.55,133.2333,Italian pasley
108,Quatre Cocos,MU,74.08,scattered clouds,-20.2078,57.7625,Sunrise Attitude Hotel
111,Saint George,US,88.63,clear sky,37.1041,-113.5841,Best Western Plus Abbey Inn
112,Kongolo,CD,81.79,scattered clouds,-5.3833,27.0,GUEST HOUSE OASIS
113,Isangel,VU,75.81,overcast clouds,-19.55,169.2667,Tanna Lodge
116,Lasa,IT,76.69,broken clouds,46.6166,10.7002,Pension Feldgärtenhof
118,Xiongzhou,CN,70.16,overcast clouds,25.1167,114.3,Xinhewan Business Hotel
119,Sept-Iles,CA,73.4,overcast clouds,50.2001,-66.3821,Comfort Inn
121,Chifeng,CN,71.13,clear sky,42.2683,118.9636,Junyu Tiancheng Hotel
124,Sinnamary,GF,82.63,heavy intensity rain,5.3833,-52.95,ALETHEIA Appartement Sinnamary
125,Faanui,PF,80.38,clear sky,-16.4833,-151.75,Bora-Bora Pearl Beach Resort & Spa
128,Trat,TH,84.87,overcast clouds,12.5,102.5,สวนหนิง-อัศ
129,Oranjestad,AW,87.75,few clouds,12.524,-70.027,Divi Village Golf & Beach Resort
130,Grand Gaube,MU,74.37,scattered clouds,-20.0064,57.6608,Veranda Paul et Virginie Hotel & Spa
131,Zima,RU,62.92,scattered clouds,53.9202,102.0442,"""Na Uglu"""
132,Nouadhibou,MR,75.18,sand,20.931,-17.0347,El Medina
133,Mogadishu,SO,79.18,light rain,2.0371,45.3438,Hotel Juba
135,Saint-Georges,GD,85.68,few clouds,12.0564,-61.7485,Radisson Grenada Beach Resort
138,Hohhot,CN,70.09,clear sky,40.8106,111.6522,Sheraton Hohhot Hotel
141,Ribeira Grande,PT,75.6,few clouds,38.5167,-28.7,Quinta da Meia Eira
144,Requena,ES,84.79,scattered clouds,39.4883,-1.1004,Hotel Avenida
145,Abha,SA,82.22,few clouds,18.2164,42.5053,Abha Hotel
146,Porto Empedocle,IT,86.31,scattered clouds,37.2934,13.5264,Hotel dei Pini
147,Jamestown,US,86.05,scattered clouds,42.097,-79.2353,Hampton Inn & Suites Jamestown
148,Mahebourg,MU,74.25,scattered clouds,-20.4081,57.7,Shandrani Beachcomber Resort & Spa
149,Atuona,PF,78.67,broken clouds,-9.8,-139.0333,Villa Enata
153,Khani,GE,63.97,overcast clouds,41.9563,42.9566,კურორტი ზეკარი/Resort Zekari
156,Gumdag,TM,83.75,clear sky,39.2061,54.5906,
158,Uravakonda,IN,84.88,overcast clouds,14.95,77.2667,Divya Lodge
159,Komsomolskiy,UZ,75.92,overcast clouds,40.4272,71.7189,Ikathouse
160,Amahai,ID,76.6,overcast clouds,-3.3333,128.9167,HOTEL ISABELA
161,Baruun-Urt,MN,61.79,light rain,46.6806,113.2792,Ахмадын амралт сувилал
162,Champerico,GT,79.34,overcast clouds,14.3,-91.9167,"Hotel y restaurante ""El Diamante"""
163,Cam Ranh,VN,84.16,few clouds,11.9214,109.1591,OYO 598 Peony Hotel
165,Coahuayana,MX,79.38,overcast clouds,18.7333,-103.6833,El rranchito michuacan de ocampos
166,Hovd,MN,67.39,broken clouds,48.0056,91.6419,Hotel Khovd
167,Eusebio,BR,86.22,scattered clouds,-3.89,-38.4506,CONDOMINIO GRAN CLASSIC
168,Inhambane,MZ,66.18,few clouds,-23.865,35.3833,Oceano
169,Trapani,IT,88.27,few clouds,37.8333,12.6667,
170,Billings,US,72.28,few clouds,45.7833,-108.5007,Best Western Plus Clocktower Inn
171,Samarinda,ID,72.57,broken clouds,-0.5,117.15,ASTON Samarinda Hotel & Convention Center
172,Talnakh,RU,60.21,light rain,69.4865,88.3972,Talnakh Hotel
177,Salta,AR,61.39,clear sky,-24.7859,-65.4117,Hotel Alejandro I
179,Half Moon Bay,US,71.91,overcast clouds,37.4636,-122.4286,"The Ritz-Carlton, Half Moon Bay"
183,Hearst,CA,74.82,broken clouds,49.6835,-83.6665,Companion
184,Khatanga,RU,65.64,broken clouds,71.9667,102.5,"""Khatanga"""
185,Togitsu,JP,74.98,overcast clouds,32.8333,129.85,Yasuda Ocean Hotel Togitsu
186,Hirara,JP,81.64,light rain,24.8,125.2833,Hotel Atoll Emerald Miyakojima
188,San Quintin,MX,70.77,clear sky,30.4833,-115.95,Don Eddie's Sport Fishing Center
191,Sao Filipe,CV,75.54,overcast clouds,14.8961,-24.4956,Hotel Xaguate
192,Gamba,GA,74.75,broken clouds,-2.65,10.0,
194,Los Llanos De Aridane,ES,69.55,broken clouds,28.6585,-17.9182,Valle Aridane
195,Hithadhoo,MV,83.91,overcast clouds,-0.6,73.0833,Scoop Guest House
197,Xuzhou,CN,86.74,clear sky,34.1805,117.1571,Thank Inn Chain Hotel Jiangsu xuzhou tongshan district Beijing south road
198,Izhevskoye,RU,60.24,scattered clouds,54.5567,40.8703,
199,Sampit,ID,73.49,light rain,-2.5333,112.95,Aquarius Boutique Hotel Sampit
200,Victoria,HK,84.38,overcast clouds,22.2855,114.1577,Mini Central
201,Tautira,PF,78.3,light rain,-17.7333,-149.15,Pension Oaoa
203,Monterey,US,78.17,clear sky,36.2505,-121.2516,
204,Ranong,TH,79.39,overcast clouds,9.9658,98.6348,Tinidee Hotel@Ranong
206,Padang,ID,76.8,light rain,-0.9492,100.3543,Mercure Padang
207,Cockburn Town,TC,82.04,overcast clouds,21.4612,-71.1419,Osprey Beach Hotel
209,Astana,KZ,62.55,clear sky,51.1801,71.446,King Hotel Astana
212,Westport,US,71.33,overcast clouds,41.1415,-73.3579,The Westport Inn
215,Saldanha,ZA,62.65,overcast clouds,-33.0117,17.9442,Blue Bay Lodge
216,Moberly,US,89.58,clear sky,39.4184,-92.4382,Super 8 by Wyndham Moberly MO
217,Biala Podlaska,PL,67.89,broken clouds,52.0324,23.1165,Hotel Osjann
218,Nosy Varika,MG,72.18,moderate rain,-20.5833,48.5333,Hotel Volazara
219,Beihai,CN,82.22,overcast clouds,21.4833,109.1,21 Degree Hostel
221,Kualakapuas,ID,73.2,broken clouds,-3.0091,114.3876,Guest House Izonk
223,Banda Aceh,ID,80.17,overcast clouds,5.5577,95.3222,OYO 884 Rumoh PMI Hotel
224,Abbeville,FR,80.49,scattered clouds,50.1,1.8333,Hôtel Mercure Abbeville Centre - Porte de la Baie de Somme
226,Georgetown,MY,84.13,scattered clouds,5.4112,100.3354,Cititel Penang
227,Vanimo,PG,77.77,light rain,-2.6741,141.3028,Vahmoneh Lodge Vanimo
231,Tirano,IT,88.18,broken clouds,46.2154,10.1679,Hotel Corona Tirano
233,Parana,AR,68.56,broken clouds,-31.732,-60.5238,Howard Johnson by Wyndham Plaza Hotel Mayorazgo
234,Kahului,US,75.85,overcast clouds,20.8947,-156.47,Maui Seaside Hotel
236,Jiblah,YE,68.16,light rain,13.9216,44.1467,Tiger Tower Hotel
237,Boyolangu,ID,76.05,light rain,-8.1181,111.8935,Yos ega cv
238,Saurimo,AO,71.65,broken clouds,-9.6608,20.3916,Hotel Kawissa Saurimo
239,Road Town,VG,86.04,scattered clouds,18.4167,-64.6167,"ZINGARA 76ft Catamaran, full crew-all included"
240,Sembabule,UG,65.86,scattered clouds,-0.0772,31.4567,Rainbow Motel ( Sembabule )
243,Camacha,PT,69.22,few clouds,33.0833,-16.3333,Hotel Porto Santo & Spa
244,Vao,NC,75.4,overcast clouds,-22.6667,167.4833,Hotel Kou-Bugny
245,Bambous Virieux,MU,74.21,scattered clouds,-20.3428,57.7575,Casa Tia Villa
246,Barguzin,RU,61.03,broken clouds,53.6167,109.6167,"Gostevoy Dom S.barguzin ""Vizit"""
247,Kavieng,PG,81.18,light rain,-2.5744,150.7967,Nusa Island Retreat
249,San Cristobal,VE,82.58,broken clouds,7.7669,-72.225,Pirineos
250,Wakema,MM,80.96,overcast clouds,16.6,95.1833,Aung Kaday Hotel
252,Kota Bahru,MY,80.55,few clouds,6.1333,102.2386,Grand Riverview Hotel
253,Kaeng Khoi,TH,84.11,overcast clouds,14.5862,100.9976,ปานปั้นเพลส / PaanPuanPlace
254,Tamayo,DO,89.31,broken clouds,18.3947,-71.2029,La perla Del Caribe
255,El Carmen,CO,80.11,broken clouds,8.5106,-73.4478,Hotel La Casona
257,Tremedal,BR,84.15,clear sky,-14.9758,-41.4108,Pousada Estillos
258,Boende,CD,76.41,light rain,-0.2167,20.8667,
260,Mandalgovi,MN,66.02,broken clouds,45.7625,106.2708,В.Ганбат
264,Tual,ID,82.06,scattered clouds,-5.6667,132.75,Grand Vilia Hotel
265,Along,IN,71.35,overcast clouds,28.1667,94.7667,Hotel West
267,Bargarh,IN,85.06,broken clouds,21.3333,83.6167,HOTEL VD PALACE
269,Canon City,US,89.4,clear sky,38.441,-105.2424,Travel Inn Motel
271,Dumas,US,88.61,clear sky,35.8656,-101.9732,"Holiday Inn Express & Suites Dumas, an IHG Hotel"
272,Buala,SB,78.71,light rain,-8.145,159.5921,Maringe Lagoon Lodge
273,Kamiichi,JP,68.77,overcast clouds,36.7,137.3667,つるぎ 恋月
275,Bengkulu,ID,76.77,overcast clouds,-3.8004,102.2655,Grage Hotel Bengkulu
276,Cheyenne,US,81.77,clear sky,41.14,-104.8203,The Historic Plains Hotel & Restaurant
277,Krasnoselkup,RU,62.76,moderate rain,65.7,82.4667,Krasnosel'kupnefteprodukt
279,Juneau,US,66.85,clear sky,58.3019,-134.4197,"Baranof Downtown, BW Signature Collection"
280,Aviles,ES,80.38,clear sky,43.5547,-5.9248,"Palacio de Avilés, Affiliated by Meliá"
282,Tucuma,BR,87.13,few clouds,-0.1833,-50.05,
283,Bairiki,KI,80.6,scattered clouds,1.3292,172.9752,Tarawa Boutique Hotel
286,Miyako,JP,61.66,few clouds,39.6367,141.9525,Hotel Route Inn Miyako
287,Moerai,PF,75.34,broken clouds,-22.4333,-151.3333,Le Manotel
288,Lorengau,PG,81.7,broken clouds,-2.0226,147.2712,Lorengau Harbourside Hotel
291,Adra,ES,88.57,few clouds,36.7496,-3.0206,Hostal Zapata
296,Ecatepec,MX,67.51,broken clouds,19.6011,-99.0525,Hotel Ecatepec
299,Turka,UA,65.03,broken clouds,49.1541,23.0297,Мотель
301,Ajuchitlan,MX,69.03,overcast clouds,20.7167,-100.0167,Cuartos En Renta
302,Tomatlan,MX,83.44,overcast clouds,19.9333,-105.25,El Salvial
303,Nador,MA,86.07,few clouds,35.174,-2.9287,Hôtel La Giralda
304,Bathsheba,BB,86.61,scattered clouds,13.2167,-59.5167,Atlantis Hotel
306,Magadi,IN,77.45,overcast clouds,12.9667,77.2333,Gobi centre
308,Banjar,ID,77.68,scattered clouds,-8.19,114.9675,The Hamsa Resort
310,Pierre,US,73.85,clear sky,44.3683,-100.351,Ramkota Hotel
311,Misratah,LY,78.62,clear sky,32.3754,15.0925,Almasa Hotel
314,Umri,IN,87.46,scattered clouds,26.5106,78.9367,Dhruv Kushwah ji
315,Ciro Marina,IT,79.47,clear sky,39.3732,17.126,Hotel Miramare
317,Kismayo,SO,78.39,light rain,-0.3582,42.5454,Agan-Hotel
318,Baykit,RU,61.63,broken clouds,61.67,96.37,
319,Kloulklubed,PW,82.85,overcast clouds,7.0419,134.2556,Storyboard Beach Resort
329,Kavaratti,IN,83.48,overcast clouds,10.5669,72.642,Hotels in Lakshadweep Islands
330,Poum,NC,78.15,overcast clouds,-20.2333,164.0167,
331,Candido Mendes,BR,89.4,broken clouds,-1.4467,-45.7167,Quebrada Do Mlk PJL
332,Presque Isle,US,78.3,broken clouds,46.6811,-68.0159,Hampton Inn Presque Isle
333,Impfondo,CG,78.39,light rain,1.6381,18.0667,Auberge La Place de Jules
334,Markova,UA,65.79,broken clouds,48.6758,24.4138,Vas.VOM
335,West Odessa,US,88.41,clear sky,31.8424,-102.4988,Corporate Mobile Housing
337,Carauari,BR,77.88,overcast clouds,-4.8828,-66.8958,Hotel Fellip
338,Namatanai,PG,77.63,moderate rain,-3.6667,152.4333,Seagulls Inn Namatani
339,High Level,CA,66.31,few clouds,58.5169,-117.136,Days Inn by Wyndham High Level
341,Quelimane,MZ,75.15,few clouds,-17.8786,36.8883,Hotel Flamingo
343,Touros,BR,83.75,few clouds,-5.1989,-35.4608,INN NEW HORIZON
344,Voyvozh,RU,62.49,overcast clouds,62.892,54.9635,Gostinitsa Yakor'
345,Lompoc,US,74.84,clear sky,34.6391,-120.4579,"Holiday Inn Express Lompoc, an IHG Hotel"
347,Tarakan,ID,76.5,few clouds,3.3,117.6333,RedDoorz Syariah near Taman Berlabuh Tarakan
348,Ashqelon,IL,80.82,clear sky,31.6693,34.5715,Leonardo Ashkelon
350,Namibe,AO,67.01,clear sky,-15.1961,12.1522,Hotel Chik Chik Namibe
351,Liverpool,GB,78.51,clear sky,53.4106,-2.9779,Premier Inn Liverpool City Centre (Moorfields) hotel
353,Aleksandrov Gay,RU,73.74,scattered clouds,50.147,48.5704,Gostinitsa
354,Maldonado,UY,63.79,overcast clouds,-34.6667,-54.9167,La Cimarrona
355,Kisangani,CD,78.04,scattered clouds,0.5167,25.2,Grand Ramela Hotel
356,Makakilo City,US,75.18,broken clouds,21.3469,-158.0858,Marriott's Ko Olina Beach Club
357,Karaton,ID,73.72,overcast clouds,-6.3424,106.1045,Parkir Mobil Wisata CAS Water Park
359,Ebolowa,CM,70.92,moderate rain,2.9,11.15,Florence Hotel Ebolowa
360,Lagoa,PT,66.61,clear sky,39.05,-27.9833,Casa Das Faias
361,Port Blair,IN,80.64,mist,11.6667,92.75,"Welcomhotel By ITC Hotels, Bay Island, Port Blair"
362,Jurado,CO,82.81,light rain,7.1053,-77.7641,
363,Guerrero Negro,MX,72.79,clear sky,27.9769,-114.0611,"Casa Laguna, Bed & Breakfast"
365,Antofagasta,CL,60.08,broken clouds,-23.65,-70.4,"Holiday Inn Express Antofagasta, an IHG Hotel"
366,Bergen,NO,63.16,broken clouds,60.392,5.328,Clarion Collection Hotel Havnekontoret
368,Carutapera,BR,87.85,broken clouds,-1.195,-46.02,Lidera
369,Druzhba,UA,60.42,light rain,52.0428,33.9453,
371,Sorong,ID,78.89,overcast clouds,-0.8833,131.25,Waigo Splash Hotel
372,Arlit,NE,81.72,light rain,18.7369,7.3853,Case de Passage De la Prefecture
374,Caxias,PT,79.47,few clouds,38.7031,-9.2767,Amazónia Jamor Hotel
377,Arosa,CH,64.92,broken clouds,46.7779,9.6762,Tschuggen Grand Hotel
378,Champua,IN,83.93,overcast clouds,22.0833,85.6667,Rahul Nayak jaintgarh
382,Kirillov,RU,60.91,broken clouds,59.863,38.3813,Rus Hotel
384,Springdale,US,89.55,scattered clouds,36.1867,-94.1288,Springdale Inn
387,Kulunda,RU,60.33,scattered clouds,52.566,78.9385,Kulunda 24
389,Lhokseumawe,ID,77.95,overcast clouds,5.1801,97.1507,OYO 3278 Penginapan Alfajri
391,Sechura,PE,73.47,few clouds,-5.5569,-80.8222,Hospedaje Costa Bella
393,Rocha,UY,63.55,overcast clouds,-34.4833,-54.3333,Hotel Arrarte
394,Yining,CN,72.55,overcast clouds,29.0361,114.5636,Xiushui Hotel
395,Sabang,ID,82.49,overcast clouds,5.8933,95.3214,Hotel Citra
396,Evanton,GB,67.66,overcast clouds,57.6638,-4.34,Assynt House
397,Amapa,BR,84.49,broken clouds,1.0,-52.0,
399,Bredy,RU,68.85,broken clouds,52.4153,60.3411,Individual'nyy Predprinimatel' Rakhmanin Andrey Aleksandrovich
400,Peniche,PT,72.45,broken clouds,39.3558,-9.3811,Hotel Star inn Peniche
401,Abu Samrah,SY,87.64,clear sky,35.3029,37.1841,
402,Mulanje,MW,64.4,clear sky,-16.0316,35.5,Mulanje Motel
405,Cayenne,GF,82.44,broken clouds,4.9333,-52.3333,Hôtel Le Dronmi
406,Loubomo,CG,77.83,scattered clouds,-4.1997,12.6739,La Dolisienne
407,Marfino,RU,68.25,clear sky,55.7028,37.3822,Nemchinovka-Park
408,Glyadyanskoye,RU,63.45,broken clouds,54.9075,65.0883,
411,Alofi,NU,73.29,scattered clouds,-19.0595,-169.9187,Taloa Heights
412,Predivinsk,RU,60.04,light rain,57.0669,93.4378,
413,Rio Grande,BR,75.31,overcast clouds,-32.035,-52.0986,Hotel Atlântico Rio Grande
414,Asfi,MA,71.08,clear sky,32.2994,-9.2372,Hôtel Abda
415,Mitsamiouli,KM,78.76,clear sky,-11.3847,43.2844,Foyer ADM
416,Fonte Boa,BR,83.89,broken clouds,-2.4959,-66.2662,
420,Karratha,AU,74.07,overcast clouds,-20.7377,116.8463,ibis Styles Karratha
422,Maxixe,MZ,66.02,few clouds,-23.8597,35.3472,Oceano
423,Durban,ZA,60.03,scattered clouds,-29.8579,31.0292,Hilton Durban
426,Jackson,US,65.39,overcast clouds,42.4165,-122.8345,Agate Village Apartments
427,Chapleau,CA,73.49,scattered clouds,47.8405,-83.4034,Nemegosenda Lake Lodge
428,Macau,MO,84.0,light rain,22.2006,113.5461,Grand Emperor Hotel
430,Chicama,PE,61.34,scattered clouds,-7.8447,-79.1469,Balihai Bungalows
432,Sao Joao Da Barra,BR,77.09,clear sky,-21.6403,-41.0511,Pousada Porto De Canoas
433,Calabaca,PH,79.9,few clouds,14.3001,122.4336,Costa Pacifico Beach Resort
434,Ullapool,GB,66.34,overcast clouds,57.8987,-5.1604,Argyll Hotel
435,Presidencia Roque Saenz Pena,AR,77.11,overcast clouds,-26.7852,-60.4388,Hotel Gualok
436,Montivilliers,FR,78.42,clear sky,49.5452,0.1877,Hotel Inn Design Le Havre Nord Montivilliers
437,Saint Anthony,US,76.82,clear sky,45.0205,-93.218,Holiday Inn Express Roseville-St. Paul
442,Mezen,RU,64.9,scattered clouds,65.8522,44.24,Gostevoy Dom Everest
443,Marang,MY,78.71,overcast clouds,5.2056,103.2059,DBarakah Homestay
445,Qingdao,CN,69.4,heavy intensity rain,36.0986,120.3719,Le Meridien Qingdao
446,Sungairaya,ID,77.13,overcast clouds,0.7,108.9,Rumah Kuku Moimoi Shelly
447,Folkestone,GB,76.73,broken clouds,51.0833,1.1833,Folkestone Grand Burstin Hotel
448,Lazaro Cardenas,MX,77.81,overcast clouds,17.9583,-102.2,HOTEL QUINTA ANTIGUA
449,Sosnytsya,UA,61.47,broken clouds,51.5239,32.4999,Maria
450,Hambantota,LK,80.15,overcast clouds,6.1241,81.1185,Bungalow 63
451,Acapulco,MX,79.7,overcast clouds,16.8634,-99.8901,HS Hotsson Smart Acapulco
452,Kathu,TH,86.7,overcast clouds,7.9178,98.3332,Novotel Phuket Resort
453,Luba,GQ,78.69,moderate rain,3.4568,8.5547,
454,Wattegama,LK,76.8,heavy intensity rain,6.7989,81.4808,
455,Bunia,CD,68.52,scattered clouds,1.5667,30.25,Gold Star International Hotel
460,Shache,CN,87.71,broken clouds,38.4167,77.2406,Delong Hotel
461,Cheremshan,RU,63.66,light rain,54.6667,51.5,"Khostel ""U Kamina"""
463,San Antonio Del Norte,HN,82.89,overcast clouds,13.8844,-87.7031,Hotel Nohemy
464,Schwedt,DE,73.24,broken clouds,53.0596,14.2815,Andersen Hotel Schwedt
467,Mackenzie,CA,63.19,light rain,55.2999,-123.1698,Hilton Shop
472,Bonthe,SL,81.55,light rain,7.5264,-12.505,Bonthe Holiday Village
473,Sibolga,ID,76.87,moderate rain,1.7427,98.7792,Hotel Syariah CN Darussalam
474,Kigoma,TZ,76.5,clear sky,-4.8769,29.6267,MJI Mwema Lodge
476,Fond Du Lac,US,82.81,clear sky,43.775,-88.4388,Radisson Hotel and Conference Center Fond du Lac
479,Atbasar,KZ,63.63,broken clouds,51.8,68.3333,Гостиничный Комплекс Saad
482,Kopanskaya,RU,70.05,clear sky,46.2779,38.4795,
483,Hami,CN,84.83,scattered clouds,42.8,93.45,Laoyutang Resort
484,Port Moresby,PG,75.96,overcast clouds,-9.4431,147.1797,Lamana Hotel (Port Moresby)
486,Santo Antonio Do Sudoeste,BR,67.1,scattered clouds,-26.0736,-53.7253,Hotel Frontera
487,Eydhafushi,MV,83.16,overcast clouds,5.1033,73.0708,Soneva Fushi
488,Basco,PH,85.3,overcast clouds,20.4487,121.9702,Nathaniel's Lodge
489,Sacramento,US,78.33,few clouds,38.4666,-121.3177,Manda’s House oly 100 sqft
490,Punalur,IN,77.41,overcast clouds,9.0,76.9333,Motel Araam
493,Sambava,MG,72.77,clear sky,-14.2667,50.1667,Melrose
494,Sedan,FR,79.72,scattered clouds,49.6667,5.0,"Hôtel & Restaurant Le Coeur d'Or, Sedan Est (The Originals City)"
496,Mormugao,IN,80.51,overcast clouds,15.4,73.8,Coconut Creek Resort
499,Ambon,ID,78.24,broken clouds,-3.6954,128.1814,Swiss-Belhotel Ambon
500,Pingliang,CN,65.14,scattered clouds,35.5392,106.6861,North Gate Hostel
501,Dwarka,IN,85.08,broken clouds,22.2394,68.9678,Hotel Narayan Avezika Comfort
502,Kailua,US,76.64,broken clouds,21.4022,-157.7394,Sheffield House Bed & Breakfast
503,Oistins,BB,82.29,overcast clouds,13.0667,-59.5333,Butterfly Beach Hotel
505,Buchanan,LR,77.18,moderate rain,5.8808,-10.0467,Kamaneahn Hotel Inc
506,Shitanjing,CN,79.66,broken clouds,39.2342,106.3439,Yingbin Hotel
508,Muros,ES,67.26,overcast clouds,42.7762,-9.0603,Apartment Av. Castelao
509,Port Hedland,AU,68.05,broken clouds,-20.3167,118.5667,The Esplanade Hotel
510,Kurchum,KZ,61.83,scattered clouds,48.5722,83.6542,"Gostinitsa ""Kneda"""
511,Manaus,BR,86.49,scattered clouds,-3.1019,-60.025,Manaus Hotéis Millennium
512,Houlton,US,79.21,clear sky,46.1262,-67.8403,Ivey's Motor Lodge Houlton
513,Lalmohan,BD,82.65,overcast clouds,22.3384,90.7419,Arifur Rahman Miraj
514,Tsukumi,JP,70.29,overcast clouds,33.0706,131.8572,Hotel AZ Oita Tsukumi
515,Dalian,CN,66.13,clear sky,38.9122,121.6022,Kempinski Hotel Dalian
516,Honiara,SB,76.03,overcast clouds,-9.4333,159.95,Heritage Park Hotel
517,Idah,NG,79.39,moderate rain,7.1065,6.7342,Ubiga Hotel Idah
520,Thinadhoo,MV,83.68,heavy intensity rain,0.5333,72.9333,
522,Takoradi,GH,73.54,moderate rain,4.8845,-1.7554,Raybow International Hotel
524,San Pelayo,CO,84.69,broken clouds,8.9583,-75.8363,Parque
526,Mashhad,IR,84.34,scattered clouds,36.297,59.6062,Khanye Sabz Hotel
527,Teya,RU,61.84,overcast clouds,60.3778,92.6267,
528,Cururupu,BR,88.5,overcast clouds,-1.8283,-44.8683,POUSADA TRAVÉS'CIA
529,Salalah,OM,82.72,scattered clouds,17.0151,54.0924,"HAMDAN PLAZA HOTEL SALALAH, an HTG Hotel"
530,Korla,CN,84.67,overcast clouds,41.7597,86.1469,Gulisitan Hotel
531,Beroroha,MG,72.27,broken clouds,-21.6667,45.1667,
533,Savannah Bight,HN,79.5,overcast clouds,16.45,-85.85,Villa on Dunbar Rock
535,Bima,ID,76.12,overcast clouds,-8.4667,118.7167,Lambitu Hotel
536,Chunoyar,RU,61.79,moderate rain,57.4467,97.3217,
537,Merke,KZ,72.57,broken clouds,42.8728,73.1786,Gostinitsa Merki
538,Shimoda,JP,70.11,overcast clouds,34.6667,138.95,Shimoda Tokyu Hotel
540,Axim,GH,74.07,moderate rain,4.8699,-2.2405,Axim Beach Resort And Spa
543,Oktyabrskoye,RU,68.14,light rain,43.0645,44.7417,Prolesok Mini-hotel
544,Saint-Augustin,CA,64.96,broken clouds,51.226,-58.6502,
547,Nongstoin,IN,64.17,overcast clouds,25.5167,91.2667,P.W.D. Inspection Bungalow
549,Seoul,KR,62.04,clear sky,37.5683,126.9778,롯데호텔 서울
550,Boca Do Acre,BR,88.45,scattered clouds,-8.7522,-67.3978,Hotel Sao Pedro
552,Praia Da Vitoria,PT,73.76,broken clouds,38.7333,-27.0667,Hotel Branco I
554,Tocopilla,CL,60.8,scattered clouds,-22.092,-70.1979,Hotel Galvarino
557,Kalanchak,UA,71.02,broken clouds,46.2562,33.2907,Колос
558,Fairbanks,US,60.3,overcast clouds,64.8378,-147.7164,Westmark Fairbanks Hotel & Conference Center
559,Centralia,US,60.01,broken clouds,46.7162,-122.9543,Peppermill Inn
560,Maragogi,BR,73.65,light rain,-9.0122,-35.2225,Salinas do Maragogi All Inclusive Resort
561,Rawlins,US,73.35,clear sky,41.7911,-107.2387,"Holiday Inn Express Rawlins, an IHG Hotel"
565,Beloha,MG,67.91,broken clouds,-25.1667,45.05,
568,Anloga,GH,76.89,light rain,5.7947,0.8973,Pin Drop Hotel
569,Simao,CN,65.86,overcast clouds,22.7886,100.9748,Changyu Hotel
572,Zacatlan,MX,66.42,broken clouds,19.9333,-97.9667,Cabañas Los Cedros
573,Luanda,AO,71.73,scattered clouds,-8.8368,13.2343,EPIC SANA Luanda
574,Bardiyah,LY,77.34,clear sky,31.7561,25.0865,بورتو بردية
575,Quang Ngai,VN,79.11,overcast clouds,15.1167,108.8,Central Hotel
576,Novokizhinginsk,RU,61.48,overcast clouds,51.6115,109.5917,
577,Manyava,UA,65.03,broken clouds,48.6554,24.3754,Vas.VOM
578,Amla,IN,81.95,overcast clouds,21.9333,78.1167,L l ganeshkar
579,Boddam,GB,68.43,overcast clouds,57.4667,-1.7833,Palace Hotel
580,Meridian,US,82.04,clear sky,43.6121,-116.3915,Courtyard by Marriott Boise West/Meridian
581,North Platte,US,81.12,clear sky,41.1239,-100.7654,"Holiday Inn Express & Suites North Platte, an IHG Hotel"
582,Bremen,DE,71.98,clear sky,53.0752,8.8078,ibis Bremen City
583,Kotma,IN,80.44,overcast clouds,23.2,81.9667,Adil ka ghar
584,Marawi,PH,69.71,overcast clouds,7.9986,124.2928,Derogongan Residence
585,Sarh,TD,87.71,broken clouds,9.1429,18.3923,Domicile 1sur le goudron
587,Phanom Thuan,TH,81.23,light rain,14.1303,99.6986,ตึกส้มและสวนกล้วย
588,Strzelce Krajenskie,PL,66.6,broken clouds,52.8773,15.5298,Hotel Staropolski
590,Puertollano,ES,84.07,light rain,38.6871,-4.1073,Hotel Puertollano
592,Dawei,MM,78.89,overcast clouds,14.0833,98.2,Hotel Dawei
593,Vila,PT,71.71,overcast clouds,42.0304,-8.1588,Hotel Castrum Villae by Walk Hotels
596,Aripuana,BR,88.84,broken clouds,-9.1667,-60.6333,
597,Kieta,PG,77.99,light rain,-6.2167,155.6333,Uruna Bay Retreat
598,Longjiang,CN,62.6,broken clouds,47.3303,123.1836,Education Hostel
599,Cruzeiro Do Sul,BR,76.51,broken clouds,-29.5128,-51.9853,Estrela Palace Hotel
601,Baiyin,CN,69.53,clear sky,36.5583,104.2081,GreenTree Alliance Gansu Baiyin Renmin Road Hotel
602,Remerschen,LU,83.62,clear sky,49.4886,6.3517,Hotel Perler Hof
603,Iskateley,RU,62.98,overcast clouds,67.6803,53.1512,Hostel Agat
605,San Rafael Del Sur,NI,79.86,overcast clouds,11.8485,-86.4384,Hospedaje El Chino
606,Biak,ID,76.15,overcast clouds,-0.9131,122.8766,Penginapan Kim
607,Vila Velha,BR,78.75,few clouds,-20.3297,-40.2925,Hotel Vitória Palace
609,Malacacheta,BR,76.48,clear sky,-17.8422,-42.0767,Pousada Varanda do Sol
610,Neyshabur,IR,80.02,scattered clouds,36.2133,58.7958,Amiran Hotel & Commercial Complex
611,Saint-Honore,CA,81.82,overcast clouds,48.5334,-71.0824,Camping Plage Margot
613,Mahibadhoo,MV,83.41,overcast clouds,3.7833,72.9667,Omadhoo Inn
614,Marsa Matruh,EG,76.44,clear sky,31.3525,27.2453,Beau Site
615,Mazara Del Vallo,IT,88.93,scattered clouds,37.6641,12.588,Vizier Resort & Spa
616,Llanes,ES,75.58,scattered clouds,43.4198,-4.7549,Hotel La Paz
617,Praia,CV,76.51,scattered clouds,14.9215,-23.5087,LT Aparthotel
619,Pandan,PH,80.87,few clouds,14.0453,124.1694,Bonifacio Lodge
620,Trenggalek,ID,75.63,overcast clouds,-8.05,111.7167,OYO 2966 Hotel Atriaz
621,Denpasar,ID,80.26,few clouds,-8.65,115.2167,OYO 3156 Hotel Warta 2
623,Broome,US,75.54,overcast clouds,42.2506,-75.833,Chenango Valley State Park
625,Scarborough,GB,69.93,overcast clouds,54.2797,-0.4044,The Grand Hotel Scarborough
626,Berbera,SO,89.76,overcast clouds,10.4396,45.0143,IBCO REAL ESTATE PROPERTY
627,Adamovka,RU,70.43,scattered clouds,51.5223,59.9396,Gostinitsa
628,Leshan,CN,71.38,overcast clouds,29.5623,103.7639,Leshan Haiyun International Youth Hostel
629,Bertoua,CM,68.43,overcast clouds,4.5833,13.6833,Hotel De Paris
632,Iquitos,PE,86.04,broken clouds,-3.7481,-73.2472,Cortez Malaga Techy Caroly
633,Damietta,EG,77.25,clear sky,31.4165,31.8133,SULIMAN INN
634,Zhuanghe,CN,63.03,broken clouds,39.7008,122.9911,Hanting Express Dalian Zhuanghe Qiansheng
636,Chengde,CN,65.64,few clouds,40.9725,117.9361,Super 8 Hotel
637,Taruma,BR,80.47,clear sky,-22.7467,-50.5772,Hotel Tarumã Alvorada
638,Iralaya,HN,78.96,overcast clouds,15.0,-83.2333,Iglesia morava renovada
639,Manta,EC,80.38,scattered clouds,-0.95,-80.7333,Balandra Hotel
641,Ampanihy,MG,67.6,scattered clouds,-24.7,44.75,Angora Hotel
642,Tucuman,AR,68.32,clear sky,-26.8241,-65.2226,Dallas Hotel Tucuman
644,Gallup,US,86.76,clear sky,35.5281,-108.7426,Quality Inn & Suites Gallup I-40 Exit 20
646,Villamontes,BO,75.09,clear sky,-21.25,-63.5,Hotel Raldes
647,Waidhofen,DE,82.15,few clouds,48.5833,11.3333,Edelweißhütte
648,Ouesso,CG,76.86,light rain,1.6136,16.0517,ABENIE Hotel
650,Ilhabela,BR,71.19,clear sky,-23.7781,-45.3581,Ilha Flat Hotel
654,Barranca,PE,66.04,scattered clouds,-10.75,-77.7667,El Olivar Hospedaje
655,Nsanje,MW,69.28,clear sky,-16.92,35.262,Nsanje Discovery Lodge
656,Nacala,MZ,73.62,scattered clouds,-14.5428,40.6728,Nacala Plaza Business Design Hotel
658,Manzanillo,CU,87.91,overcast clouds,20.3433,-77.1167,"HOSTAL ""THE YELLOW HOUSE"""
659,Sola,VU,80.53,overcast clouds,-13.8833,167.55,Leumerus Bungalows
661,Gusau,NG,87.48,overcast clouds,12.1628,6.6614,GUEST INN
665,Plymouth,US,72.95,overcast clouds,41.8334,-70.8328,Rodeway Inn Middleboro-Plymouth
666,Gizo,SB,81.25,overcast clouds,-8.103,156.8419,Imagination Island
667,Pisco,PE,68.02,clear sky,-13.7,-76.2167,Hotel San Isidro Oficial
668,San Carlos,VE,80.91,overcast clouds,9.6612,-68.5827,Hotel Paternopoli
671,Bubaque,GW,80.08,broken clouds,11.2833,-15.8333,"Casa Dora, Bubaque"
672,Ushtobe,KZ,70.48,clear sky,45.2514,77.9838,Filipin Squad
674,Zhanaozen,KZ,89.89,broken clouds,43.3,52.8,K.korabay 28A
675,San Ramon,US,74.48,clear sky,37.7799,-121.978,San Ramon Marriott
676,Maamba,ZM,66.04,clear sky,-17.3667,27.15,
677,Coronon,PH,75.13,scattered clouds,6.8792,125.4489,El Coron Resort
678,Irbeyskoye,RU,60.19,light rain,55.6428,95.4522,"Gostinitsa ""Agul"""
679,San Vicente,AR,70.05,broken clouds,-26.6167,-54.1333,Complejo Turístico Farelluk
680,Sal Rei,CV,74.39,scattered clouds,16.1833,-22.9167,Marine Club Beach Resort
684,Ketchikan,US,65.1,scattered clouds,55.3422,-131.6461,Snow's Cove Lodge
685,Port-Cartier,CA,66.74,overcast clouds,50.0334,-66.8654,Le Q'Artier
687,Tongchuan,CN,79.3,clear sky,35.0806,109.0897,Tongchuan Hotel
690,Portland,US,63.66,broken clouds,45.5234,-122.6762,Embassy Suites by Hilton Portland Downtown
691,Aksu,CN,79.93,overcast clouds,41.1231,80.2644,Pudong Holiday Hotel
692,Ichinohe,JP,64.96,scattered clouds,40.2069,141.3017,鳥越旅館
693,Petropavlivka,UA,63.19,broken clouds,48.4564,36.4367,Банька в Петропавловке
694,Dubrovnik,HR,82.04,clear sky,42.6481,18.0922,Hotel Dubrovnik Palace
695,Roebourne,AU,74.3,overcast clouds,-20.7833,117.1333,Latitude20 Roebourne Village
696,Horsham,GB,83.25,clear sky,51.064,-0.3272,Springfields Hotel
697,Ukiah,US,69.44,clear sky,39.1502,-123.2078,Hampton Inn Ukiah
698,Fare,PF,79.74,light rain,-16.7,-151.0167,Maitai Lapita Village Huahine
699,Besuki,ID,77.9,broken clouds,-7.7338,113.6979,Pak Pri House
700,Syracuse,IT,80.31,scattered clouds,37.0881,15.2792,Hotel Posta
701,Olovyannaya,RU,61.07,scattered clouds,50.95,115.5667,Gostinitsa
702,Mayo,US,83.26,overcast clouds,38.8876,-76.5119,Resorts Resource Group International
703,Kandrian,PG,76.55,light rain,-6.2167,149.55,Kandrian Station
704,Stropkov,SK,78.67,overcast clouds,49.2021,21.6522,Internát Teslák
705,Tupancireta,BR,64.29,overcast clouds,-29.0806,-53.8358,Hotel Cassino
706,Tambilil,PH,77.32,broken clouds,5.9622,124.6697,Wilfredo Sotto Home
708,Payo,ID,72.95,overcast clouds,-3.7508,103.6372,Mess keban agung
709,Coalinga,US,81.03,clear sky,36.1397,-120.3602,Royal Lodge Motel
711,Ocean City,US,72.99,overcast clouds,39.2776,-74.5746,Biscayne Suites
712,Oxford,GB,81.5,clear sky,51.7522,-1.256,Malmaison Oxford
713,Pontianak,ID,76.98,light rain,-0.0333,109.3333,Aston Pontianak Hotel & Convention Center
714,Abonnema,NG,75.99,light rain,4.7084,6.7931,Corper's Lodge Obonoma
